__me_love_pvp__,01acd54b-f597-419d-88fd-f0567a70b504
_hugooo,20367adc-223f-410a-bdf5-ba9be5fe698e
_spion,3d69b7ba-8dec-49fe-998a-b1c0a35a85e0
adesbans,e2cd5ca9-6087-4e72-a810-ea14be28f289
adubzzz,18967995-7eb3-4dc1-ae92-bd92c266cf38
alex_the_dragon5,18fdcfce-2d5c-4289-880a-f5107a7f369b
alsumpossum,ff32b165-78e1-4ad4-ab02-c7bd8f72d38a
anonymous__gamer,a6b77f0e-0f7b-48b1-b04d-cb7a56a2611f
aoldude123,e7bf3039-f5b7-47c7-b41e-1cfc04f24727
asgardiaan,86ff1211-a5d1-4d28-ace2-812601309e38
asuri17,f7afa4cd-5119-419c-91a0-a6564d7a37d8
avapancake,12f6e790-1668-4d02-98e3-40211d2e8da4
baseballtripp,34266d6d-4199-4d34-8909-a7470b26b0ec
beast22234,e6a88f44-fbad-47c1-933f-45cbd7361cee
bod169,a67dc841-7176-4f45-bfdb-7c940b31155a
buckshot22,fe848b3f-cc5e-460c-99fb-7a5a27c32079
buckyv,469d945e-4ec6-4880-adeb-366d91e2cdf6
clovertheclever_,6a5b1a64-a171-430c-827a-2ea5e77ead6c
computerreports,acfd77ac-5e22-4566-95a9-d3652a657d0e
craftingknight47,3169a56b-b388-4ff4-ba3a-7f57d786cf15
fgoldie,441686ef-0e7d-419f-b301-90a4abce8f0a
fisherman77,519f0347-638c-4a47-a9d2-a71e14b5b172
hotrodharly4,18fdcfce-2d5c-4289-880a-f5107a7f369b
hunter1101,90c40307-e846-4022-ab15-dfb688eca170
icecoolcanadian,2b932bd1-7eda-4013-a7ad-d8aeb5c012c4
jbug112,57ed9c71-baa5-488f-8649-b0d1dfcf7891
jstrick20,82a7d0f0-a0bc-4711-bbf9-fafc709b1a79
kamokiller,349d6e4f-1c6b-4651-b84c-4025fb1a0e5b
kilothomas,8b835fb2-1b5f-415c-96ea-9be095a4c429
kingleo5000,28ffd28d-7fed-48a8-be9b-c48da61c2b75
lemanjb,547332dd-d735-4e12-bab0-ecf21d2bc8a2
literallyissac,2379f3c0-14f7-43c9-a582-290407ec9d87
little_ek,2e9ba7f9-37ad-4152-a880-6c51c7c7f300
magnusa1983dk,212f2d55-54cc-4d8c-b172-8a3206b23cdf
majorhassle,173afec7-dfae-4c66-b1a2-b8598d7eb6fa
minetube_3000,455b44a4-9108-4da2-92ea-e6bea158bbac
nellienellie27,edeb18be-5acd-4d57-a835-2c06370cefef
nickdick1396,799e76fa-ce96-4949-be3c-99ce7e3d553d
ooo_david_ooo,05c0f6ec-abc4-4dfa-a931-830199b347f4
phantasm316,cb235803-82e4-4ac9-a655-e741dee3a5b5
pvtvikk,a6777646-93e5-423c-a9ba-01a84efbff03
razonman,d30c4af6-5d90-4d7b-880b-e57feb5f248d
reddragonpvp_,1bb23320-c815-4ab4-ad0c-6bdf46911739
riviaofgeralt,108dc00f-dee7-434c-904a-4a9833c8f1ad
ryle_playz,a3a4fec3-ed07-4bb5-9977-ce96c5e37260
sam0418,7e522f87-e6eb-4995-b630-efb8674211e8
sarinachem,6f3ecc98-c372-4ca7-9ba7-1ac1f81a7afb
schillernde,23588955-9d69-40a0-9e25-383f6aadbe63
shaferx,46b1961c-5ece-4f5d-ac90-82f90075cea1
showbizlocket61,99e6095f-1f57-4660-9717-26a8df63c88f
stoffen2,58a4a0ad-83d2-478b-84f9-537aee9ef6e0
thraxx_xx,49fa3261-cc5f-4dec-a3a2-9354118ae6fb
toffethemaster,85e82108-c4bc-4732-912e-9115b6408e03
treaclemorley,dc7b0d0f-91fe-466e-92b1-45f02b14b173
trojans63,168d87e0-4c71-4dce-970b-7970bd052e4d
trollerlol100,cd474da6-4a0c-46cd-88b7-ede9ab0be68a
tsalagipride01,8ed356fa-2273-4eb5-9f01-b04152f7a09a
user1,05910308-229d-46bb-a466-e5574dba490c
vanko2011,98342f32-b426-404c-924a-73b88f4b4f68
vegas_boy22,2112bfa3-07e0-4f43-97ff-5f5730599b24
victor09casper,239bd668-5459-4534-815d-89e74828318d
zexyzek__,106abf94-cef8-4a2e-ae7e-155bea350545
